City_ID,City,Country,Date,Lat,Lng,Max Temp,Humidity,Cloudiness,Wind Speed
0,Gwadar,PK,2021-11-15 03:09:33,25.1216,62.3254,73.65,31,0,17.9
1,Mataura,NZ,2021-11-15 03:09:33,-46.1927,168.8643,62.73,52,100,3.62
2,Esperance,AU,2021-11-15 03:09:34,-33.8667,121.9,73.26,44,94,14.0
3,Souillac,MU,2021-11-15 03:09:34,-20.5167,57.5167,80.37,66,15,10.58
4,Tuktoyaktuk,CA,2021-11-15 03:09:35,69.4541,-133.0374,12.65,94,100,9.53
5,Saint George,US,2021-11-15 03:09:36,37.1041,-113.5841,60.8,40,1,1.01
6,Busselton,AU,2021-11-15 03:09:36,-33.65,115.3333,76.08,41,79,4.32
7,Leticia,CO,2021-11-15 03:06:30,-4.2153,-69.9406,78.85,94,75,3.44
8,Dikson,RU,2021-11-15 03:09:37,73.5069,80.5464,-9.02,100,100,6.17
9,Jalu,LY,2021-11-15 03:09:37,29.0331,21.5482,64.2,53,70,11.48
10,Hobart,AU,2021-11-15 03:08:33,-42.8794,147.3294,51.03,69,75,5.99
11,Barrow,US,2021-11-15 03:09:38,71.2906,-156.7887,8.62,72,90,16.11
12,Ostersund,SE,2021-11-15 03:09:39,63.1792,14.6357,31.6,93,100,9.22
13,Bredasdorp,ZA,2021-11-15 03:09:39,-34.5322,20.0403,59.61,78,100,0.6
14,Araouane,ML,2021-11-15 03:09:40,18.9048,-3.5265,80.58,18,100,9.46
15,Ushuaia,AR,2021-11-15 03:09:40,-54.8,-68.3,40.66,87,90,23.02
16,Albany,US,2021-11-15 03:06:38,42.6001,-73.9662,42.75,77,100,5.41
17,Vaini,TO,2021-11-15 03:09:41,-21.2,-175.2,80.76,78,40,11.5
18,Carnarvon,AU,2021-11-15 03:09:41,-24.8667,113.6333,77.07,65,2,16.11
19,Bilibino,RU,2021-11-15 03:09:42,68.0546,166.4372,10.13,95,100,3.27
20,Mushie,CD,2021-11-15 03:09:42,-3.0167,16.9,69.93,92,91,0.22
21,Concordia,AR,2021-11-15 03:09:29,-31.393,-58.0209,68.79,90,8,5.7
22,Isiro,CD,2021-11-15 03:09:43,2.7739,27.616,64.4,100,78,1.63
23,Bacolod,PH,2021-11-15 03:09:44,10.6667,122.95,83.79,78,100,12.75
24,Mableton,US,2021-11-15 03:09:44,33.8157,-84.5619,49.86,62,1,3.44
25,Qaanaaq,GL,2021-11-15 03:09:45,77.484,-69.3632,-9.83,58,7,10.33
26,Lebu,CL,2021-11-15 03:09:45,-37.6167,-73.65,51.51,90,16,6.22
27,Yulara,AU,2021-11-15 03:09:46,-25.2406,130.9889,77.76,19,31,6.69
28,Turinskaya Sloboda,RU,2021-11-15 03:09:47,57.6232,64.3858,10.54,96,32,4.18
29,Leninskoye,KZ,2021-11-15 03:09:47,41.7589,69.3864,40.93,83,100,6.82
30,Sorland,NO,2021-11-15 03:09:47,67.667,12.6934,44.06,92,100,46.6
31,Rikitea,PF,2021-11-15 03:09:48,-23.1203,-134.9692,74.62,75,99,15.39
32,Dunedin,NZ,2021-11-15 03:07:01,-45.8742,170.5036,54.81,66,51,3.0
33,Itoman,JP,2021-11-15 03:09:49,26.1247,127.6694,75.97,53,40,12.66
34,San Quintin,MX,2021-11-15 03:09:49,30.4833,-115.95,67.66,52,0,5.12
35,Kasukabe,JP,2021-11-15 03:09:49,35.9764,139.7536,69.94,36,1,4.21
36,Punta Arenas,CL,2021-11-15 03:09:50,-53.15,-70.9167,39.31,65,75,19.57
37,Kristinehamn,SE,2021-11-15 03:09:50,59.3098,14.1081,39.36,87,98,7.61
38,Grand-Santi,GF,2021-11-15 03:09:51,4.25,-54.3833,74.21,93,87,2.62
39,Mahebourg,MU,2021-11-15 03:06:08,-20.4081,57.7,79.25,65,67,12.21
40,Spornoye,RU,2021-11-15 03:09:52,50.8448,37.2913,30.22,92,13,7.18
41,Broome,US,2021-11-15 03:09:52,42.2506,-75.833,37.02,79,90,1.01
42,Faanui,PF,2021-11-15 03:10:53,-16.4833,-151.75,79.2,76,100,11.7
43,Bluff,NZ,2021-11-15 03:10:53,-46.6,168.3333,54.48,75,95,17.16
44,Huancavelica,PE,2021-11-15 03:10:53,-12.7667,-74.9833,42.15,79,100,1.95
45,Pemba,MZ,2021-11-15 03:10:54,-12.974,40.5178,78.33,79,2,6.17
46,Khorixas,NA,2021-11-15 03:10:54,-20.3667,14.9667,75.02,35,79,5.5
47,Georgetown,MY,2021-11-15 03:10:02,5.4112,100.3354,86.9,76,20,8.05
48,Itarema,BR,2021-11-15 03:10:55,-2.9248,-39.9167,78.94,83,53,10.98
49,Okhotsk,RU,2021-11-15 03:10:56,59.3833,143.3,25.63,96,100,13.62
50,Yellowknife,CA,2021-11-15 03:10:56,62.456,-114.3525,17.42,100,75,9.22
51,Vila Franca Do Campo,PT,2021-11-15 03:10:57,37.7167,-25.4333,66.2,87,64,20.54
52,Naze,JP,2021-11-15 03:10:57,28.3667,129.4833,66.09,54,60,13.62
53,Kodiak,US,2021-11-15 03:06:04,57.79,-152.4072,27.91,64,1,0.0
54,Marzuq,YE,2021-11-15 03:10:58,14.4,46.4667,62.56,39,7,2.64
55,Norman Wells,CA,2021-11-15 03:10:58,65.282,-126.8329,7.43,97,98,5.53
56,Ribeira Grande,PT,2021-11-15 03:10:59,38.5167,-28.7,68.05,82,77,17.4
57,Axim,GH,2021-11-15 03:10:59,4.8699,-2.2405,78.62,86,54,5.84
58,Batavia,US,2021-11-15 03:07:41,41.85,-88.3126,34.79,76,1,3.0
59,Paracuru,BR,2021-11-15 03:11:00,-3.41,-39.0306,81.1,82,31,11.14
60,Hilo,US,2021-11-15 03:10:08,19.7297,-155.09,78.53,87,75,5.75
61,Benton Harbor,US,2021-11-15 03:09:56,42.1167,-86.4542,40.32,85,90,4.61
62,Ostrovnoy,RU,2021-11-15 03:11:01,68.0531,39.5131,20.52,85,99,21.3
63,Jinchang,CN,2021-11-15 03:11:02,38.4953,102.1739,43.36,20,0,2.21
64,Saint-Philippe,RE,2021-11-15 03:11:02,-21.3585,55.7679,76.59,76,47,10.54
65,Rio Gallegos,AR,2021-11-15 03:11:02,-51.6226,-69.2181,41.05,42,90,29.93
66,Sitka,US,2021-11-15 03:11:03,57.0531,-135.33,39.09,75,90,11.5
67,La Primavera,CO,2021-11-15 03:11:03,5.4906,-70.4092,77.77,70,13,5.64
68,Whitehorse,CA,2021-11-15 03:11:04,60.7161,-135.0538,6.04,100,77,2.26
69,Corinto,GR,2021-11-15 03:11:06,37.9407,22.9573,62.89,82,100,4.45
70,Mayo,US,2021-11-15 03:11:06,38.8876,-76.5119,49.55,64,40,1.99
71,Caravelas,BR,2021-11-15 03:11:07,-17.7125,-39.2481,72.23,68,100,10.07
72,Namatanai,PG,2021-11-15 03:11:07,-3.6667,152.4333,84.99,69,95,7.85
73,Cidreira,BR,2021-11-15 03:11:08,-30.1811,-50.2056,68.31,88,100,18.77
74,Tiksi,RU,2021-11-15 03:11:08,71.6872,128.8694,-14.53,98,45,7.05
75,Pokhara,NP,2021-11-15 03:08:08,28.2333,83.9833,60.57,69,94,1.07
76,Khatanga,RU,2021-11-15 03:11:09,71.9667,102.5,-0.65,98,100,3.53
77,Antalaha,MG,2021-11-15 03:11:09,-14.9003,50.2788,73.72,79,21,4.34
78,Kavaratti,IN,2021-11-15 03:11:10,10.5669,72.642,81.91,77,100,16.93
79,Jamestown,US,2021-11-15 03:11:10,42.097,-79.2353,34.09,96,90,5.01
80,Tessalit,ML,2021-11-15 03:11:11,20.1986,1.0114,73.72,19,100,8.77
81,Turayf,SA,2021-11-15 03:11:11,31.6725,38.6637,57.61,32,98,14.54
82,Avarua,CK,2021-11-15 03:10:31,-21.2078,-159.775,80.65,61,20,6.91
83,Belaya Gora,RU,2021-11-15 03:11:12,68.5333,146.4167,1.29,96,100,1.92
84,Udachnyy,RU,2021-11-15 03:11:12,66.4167,112.4,-14.67,99,72,4.97
85,Hithadhoo,MV,2021-11-15 03:11:13,-0.6,73.0833,82.49,71,89,11.32
86,Makhinjauri,GE,2021-11-15 03:11:13,41.6739,41.694,46.26,81,0,14.97
87,Matagami,CA,2021-11-15 03:11:14,49.7502,-77.6328,26.71,100,40,3.44
88,Kinsale,IE,2021-11-15 03:11:15,51.7075,-8.5306,52.97,93,75,11.5
89,Pacific Grove,US,2021-11-15 03:07:08,36.6177,-121.9166,66.11,68,1,3.0
90,Ewa Beach,US,2021-11-15 03:09:39,21.3156,-158.0072,80.55,71,90,4.0
91,Ponta Do Sol,PT,2021-11-15 03:12:16,32.6667,-17.1,66.83,67,18,2.91
92,Nikolskoye,RU,2021-11-15 03:12:16,59.7035,30.7861,33.87,80,51,3.85
93,Severo-Kurilsk,RU,2021-11-15 03:08:58,50.6789,156.125,43.68,93,100,18.14
94,Ilulissat,GL,2021-11-15 03:12:17,69.2167,-51.1,12.22,79,90,13.8
95,Atuona,PF,2021-11-15 03:12:17,-9.8,-139.0333,78.57,72,6,15.1
96,Port Blair,IN,2021-11-15 03:12:18,11.6667,92.75,78.03,89,100,16.46
97,Hasaki,JP,2021-11-15 03:12:18,35.7333,140.8333,66.6,55,16,10.36
98,Matay,EG,2021-11-15 03:12:19,28.419,30.7792,64.09,78,41,6.02
99,Kananga,CD,2021-11-15 03:12:19,-5.8958,22.4178,66.7,95,99,1.25
100,Ust-Maya,RU,2021-11-15 03:12:20,60.4167,134.5333,-4.27,89,53,2.89
101,Tasiilaq,GL,2021-11-15 03:12:20,65.6145,-37.6368,30.36,60,54,9.64
102,Ocean City,US,2021-11-15 03:12:21,39.2776,-74.5746,51.82,72,100,11.99
103,Luderitz,NA,2021-11-15 03:12:21,-26.6481,15.1594,65.93,58,0,14.7
104,Jardim,BR,2021-11-15 03:12:22,-21.4803,-56.1381,71.46,97,100,4.43
105,Romny,UA,2021-11-15 03:12:22,50.751,33.4747,30.76,88,0,7.87
106,Hualmay,PE,2021-11-15 03:12:23,-11.0964,-77.6139,63.41,84,76,7.09
107,Cherskiy,RU,2021-11-15 03:12:23,68.75,161.3,6.84,93,99,1.05
108,Saskylakh,RU,2021-11-15 03:12:24,71.9167,114.0833,-5.21,91,100,6.87
109,Ondjiva,AO,2021-11-15 03:12:24,-17.0667,15.7333,71.8,69,100,6.13
110,Coquimbo,CL,2021-11-15 03:12:25,-29.9533,-71.3436,55.13,87,0,0.0
111,Camacha,PT,2021-11-15 03:12:25,33.0833,-16.3333,63.82,68,20,6.91
112,Hermanus,ZA,2021-11-15 03:12:26,-34.4187,19.2345,60.91,75,100,3.02
113,New Norfolk,AU,2021-11-15 03:12:26,-42.7826,147.0587,51.66,52,43,5.01
114,Puerto Montt,CL,2021-11-15 03:11:12,-41.4698,-72.9447,47.23,87,75,10.36
115,Kiomboi,TZ,2021-11-15 03:12:27,-4.2667,34.3667,67.86,60,88,4.59
116,Jimenez,MX,2021-11-15 03:12:27,28.3333,-105.4,61.54,23,0,3.13
117,Port Alfred,ZA,2021-11-15 03:12:28,-33.5906,26.891,63.37,82,93,6.2
118,Kingsland,US,2021-11-15 03:12:28,30.8,-81.6898,55.31,94,0,4.38
119,Cape Town,ZA,2021-11-15 03:09:04,-33.9258,18.4232,64.35,78,100,7.02
120,Nanortalik,GL,2021-11-15 03:12:29,60.1432,-45.2371,20.84,59,0,38.01
121,Castro,BR,2021-11-15 03:12:29,-24.7911,-50.0119,56.61,93,99,7.94
122,Sindor,RU,2021-11-15 03:12:30,62.8629,51.8905,18.05,94,94,6.38
123,Buchanan,LR,2021-11-15 03:12:30,5.8808,-10.0467,76.96,84,19,1.86
124,Margate,GB,2021-11-15 03:12:31,51.3813,1.3862,51.69,77,100,1.01
125,Saint-Joseph,RE,2021-11-15 03:12:31,-21.3667,55.6167,75.58,75,30,4.76
126,Upernavik,GL,2021-11-15 03:09:30,72.7868,-56.1549,-0.38,76,5,7.25
127,Zagon,RO,2021-11-15 03:12:32,45.7667,26.1167,38.61,90,32,3.91
128,Buraydah,SA,2021-11-15 03:12:32,26.326,43.975,61.81,39,63,8.08
129,Belle Fourche,US,2021-11-15 03:12:33,44.6714,-103.8522,65.71,49,35,15.52
130,Toms River,US,2021-11-15 03:10:46,39.9537,-74.1979,45.91,70,100,1.99
131,Kaeo,NZ,2021-11-15 03:12:34,-35.1,173.7833,78.33,62,0,13.53
132,Coron,PH,2021-11-15 03:12:35,11.9986,120.2043,88.32,61,62,5.61
133,Atambua,ID,2021-11-15 03:12:35,-9.1061,124.8925,79.81,73,99,3.47
134,George,ZA,2021-11-15 03:09:42,-33.963,22.4617,62.69,68,100,3.18
135,Saint-Augustin,CA,2021-11-15 03:12:36,51.226,-58.6502,33.28,80,100,11.25
136,Torbay,CA,2021-11-15 03:12:37,47.6666,-52.7314,48.67,89,90,24.16
137,Nome,US,2021-11-15 03:12:37,64.5011,-165.4064,21.27,79,90,0.0
138,Camargo,MX,2021-11-15 03:12:38,27.6667,-105.1667,66.13,27,0,3.83
139,Marathon,US,2021-11-15 03:12:38,44.9,-89.7668,31.24,64,90,10.36
140,Menongue,AO,2021-11-15 03:13:39,-14.6585,17.691,64.08,86,100,2.66
141,Lasa,IT,2021-11-15 03:13:39,46.6166,10.7002,41.36,93,100,2.73
142,Ancud,CL,2021-11-15 03:13:39,-41.8697,-73.8203,44.42,83,100,17.67
143,Broken Hill,AU,2021-11-15 03:13:40,-31.95,141.4333,65.46,33,1,16.24
144,Gat,IL,2021-11-15 03:13:40,31.61,34.7642,67.91,38,69,5.99
145,Gillette,US,2021-11-15 03:13:41,44.2911,-105.5022,55.06,44,1,8.01
146,Puerto Ayora,EC,2021-11-15 03:13:41,-0.7393,-90.3518,67.48,82,49,8.84
147,Qaqortoq,GL,2021-11-15 03:13:42,60.7167,-46.0333,9.1,57,0,21.61
148,Pringsewu,ID,2021-11-15 03:13:42,-5.3582,104.9744,78.37,86,100,2.53
149,Bengkulu,ID,2021-11-15 03:13:43,-3.8004,102.2655,82.47,69,85,5.17
150,Qeshm,IR,2021-11-15 03:13:44,26.9581,56.2719,69.67,38,0,23.76
151,Buluang,PH,2021-11-15 03:13:44,13.3068,123.3425,88.66,61,36,2.04
152,Bow Island,CA,2021-11-15 03:13:44,49.8668,-111.3684,50.49,78,100,8.43
153,Ailigandi,PA,2021-11-15 03:13:45,9.2333,-78.0167,79.0,88,100,5.95
154,Aksu,CN,2021-11-15 03:13:45,41.1231,80.2644,37.47,41,93,1.59
155,Khani,GE,2021-11-15 03:13:46,41.9563,42.9566,38.77,53,100,2.86
156,Tuatapere,NZ,2021-11-15 03:13:46,-46.1333,167.6833,61.27,52,100,4.61
157,Chamba,IN,2021-11-15 03:13:47,32.5667,76.1333,58.98,26,0,5.48
158,Tagusao,PH,2021-11-15 03:13:47,9.1924,117.8141,84.94,67,89,0.51
159,Korla,CN,2021-11-15 03:13:48,41.7597,86.1469,34.81,41,58,3.8
160,Port Augusta,AU,2021-11-15 03:13:48,-32.5,137.7667,62.74,34,43,11.18
161,Santa Vitoria Do Palmar,BR,2021-11-15 03:11:37,-33.5189,-53.3681,63.54,93,43,5.41
162,Taltal,CL,2021-11-15 03:13:49,-25.4,-70.4833,61.14,78,19,2.95
163,Vostok,RU,2021-11-15 03:13:49,46.4856,135.8833,20.32,72,44,12.97
164,Santander Jimenez,MX,2021-11-15 03:13:50,24.2167,-98.4667,68.38,86,1,5.61
165,Port Pirie,AU,2021-11-15 03:13:50,-33.1833,138.0167,62.69,52,97,14.61
166,Nadym,RU,2021-11-15 03:13:51,65.5333,72.5167,2.53,87,78,9.44
167,Iqaluit,CA,2021-11-15 03:13:52,63.7506,-68.5145,5.77,94,74,7.99
168,Yar-Sale,RU,2021-11-15 03:13:52,66.8333,70.8333,5.94,97,90,9.01
169,Hami,CN,2021-11-15 03:13:53,42.8,93.45,35.8,39,30,2.06
170,Padang,ID,2021-11-15 03:10:00,-0.9492,100.3543,86.05,64,100,2.71
171,Hervey Bay,AU,2021-11-15 03:09:16,-25.2986,152.8535,86.04,51,0,10.36
172,Cabatuan,PH,2021-11-15 03:13:54,10.8794,122.486,83.88,76,100,12.1
173,Havre-Saint-Pierre,CA,2021-11-15 03:13:54,50.2334,-63.5986,30.88,84,87,5.97
174,Lavrentiya,RU,2021-11-15 03:13:55,65.5833,-171.0,12.72,93,93,6.49
175,San Cristobal,VE,2021-11-15 03:13:55,7.7669,-72.225,69.98,91,82,1.72
176,Kapaa,US,2021-11-15 03:13:56,22.0752,-159.319,79.12,71,75,6.91
177,Marsa Matruh,EG,2021-11-15 03:13:56,31.3525,27.2453,67.01,71,18,8.63
178,Lithgow,AU,2021-11-15 03:13:57,-33.4833,150.15,59.86,50,7,17.94
179,Ballina,AU,2021-11-15 03:13:57,-28.8667,153.5667,84.78,30,0,7.25
180,Richards Bay,ZA,2021-11-15 03:13:58,-28.783,32.0377,66.51,92,99,4.88
181,Qostanay,KZ,2021-11-15 03:12:17,53.1667,63.5833,5.29,85,0,11.18
182,Pekan Nenas,MY,2021-11-15 03:13:59,1.51,103.5141,87.78,64,91,0.45
183,Thompson,CA,2021-11-15 03:13:59,55.7435,-97.8558,21.43,87,97,4.97
184,Kruisfontein,ZA,2021-11-15 03:13:59,-34.0033,24.7314,60.42,73,100,3.87
185,Aswan,EG,2021-11-15 03:14:00,24.0934,32.907,72.16,49,0,9.51
186,Byron Bay,AU,2021-11-15 03:10:01,-28.65,153.6167,84.87,33,0,8.32
187,Warri,NG,2021-11-15 03:15:01,5.5167,5.75,75.22,94,100,3.13
188,Price,US,2021-11-15 03:15:01,39.5994,-110.8107,50.41,61,1,8.05
189,Sao Filipe,CV,2021-11-15 03:15:02,14.8961,-24.4956,75.9,75,37,8.57
190,Djenne,ML,2021-11-15 03:15:02,13.9061,-4.5533,77.16,23,85,11.25
191,Ormara,PK,2021-11-15 03:15:03,25.2088,64.6357,74.61,29,0,20.18
192,Buy,RU,2021-11-15 03:15:04,58.4786,41.53,26.87,85,92,13.42
193,Luwuk,ID,2021-11-15 03:15:04,-0.9516,122.7875,87.13,65,100,3.09
194,Constitucion,CL,2021-11-15 03:15:04,-35.3333,-72.4167,50.34,90,24,9.42
195,Yerofey Pavlovich,RU,2021-11-15 03:15:05,53.9667,121.9667,22.48,54,37,1.99
196,Mezhdurechensk,RU,2021-11-15 03:15:06,53.6942,88.0603,32.13,98,100,3.87
197,Maceio,BR,2021-11-15 03:15:06,-9.6658,-35.7353,78.24,88,40,3.44
198,Arraial Do Cabo,BR,2021-11-15 03:15:07,-22.9661,-42.0278,69.82,71,41,16.44
199,Chuy,UY,2021-11-15 03:15:07,-33.6971,-53.4616,63.03,94,13,6.24
200,Surt,LY,2021-11-15 03:15:08,31.2089,16.5887,69.04,76,0,20.6
201,Grindavik,IS,2021-11-15 03:15:08,63.8424,-22.4338,39.67,70,75,32.21
202,Desnogorsk,RU,2021-11-15 03:15:09,54.1508,33.2815,34.03,72,97,8.48
203,Rokytne,UA,2021-11-15 03:15:09,51.2796,27.214,41.86,79,100,5.53
204,Kahului,US,2021-11-15 03:15:10,20.8947,-156.47,78.84,88,40,0.0
205,Samana,DO,2021-11-15 03:15:10,19.2056,-69.3369,78.17,84,91,9.08
206,Gabu,GW,2021-11-15 03:15:11,12.2833,-14.2167,73.56,57,56,4.65
207,Tynda,RU,2021-11-15 03:15:12,55.1667,124.7167,13.59,70,90,2.77
208,Severo-Yeniseyskiy,RU,2021-11-15 03:15:12,60.3725,93.0408,19.74,95,100,4.5
209,Toucheng,TW,2021-11-15 03:15:12,24.8592,121.8233,77.2,61,89,8.19
210,Pervomayskoye,RU,2021-11-15 03:15:13,43.919,46.7102,46.51,83,100,8.12
211,Huainan,CN,2021-11-15 03:15:13,32.6264,116.9969,63.27,40,0,3.74
212,Bethel,US,2021-11-15 03:15:14,41.3712,-73.414,45.84,76,90,1.01
213,Kavieng,PG,2021-11-15 03:15:14,-2.5744,150.7967,85.14,69,61,9.75
214,Butaritari,KI,2021-11-15 03:15:15,3.0707,172.7902,82.49,68,14,15.35
215,Mount Isa,AU,2021-11-15 03:15:16,-20.7333,139.5,82.17,15,0,11.5
216,Victoria,HK,2021-11-15 03:14:13,22.2855,114.1577,77.22,52,74,1.01
217,Guanare,VE,2021-11-15 03:15:17,9.0418,-69.7421,78.82,83,11,1.14
218,Roald,NO,2021-11-15 03:15:17,62.5833,6.1333,50.14,62,90,18.41
219,Salalah,OM,2021-11-15 03:15:18,17.0151,54.0924,71.69,53,0,4.61
220,Adrar,MR,2021-11-15 03:15:18,20.5022,-10.0711,71.98,34,5,10.18
221,Templin,DE,2021-11-15 03:15:19,53.1186,13.5022,42.71,96,3,6.06
222,Port Macquarie,AU,2021-11-15 03:15:19,-31.4333,152.9167,82.89,29,0,7.31
223,San Rafael,AR,2021-11-15 03:10:36,-34.6177,-68.3301,67.84,32,0,4.34
224,Daru,PG,2021-11-15 03:15:20,-9.0763,143.2092,83.01,79,100,8.88
225,Aklavik,CA,2021-11-15 03:15:20,68.2191,-135.0107,7.63,97,100,3.04
226,Channel-Port Aux Basques,CA,2021-11-15 03:15:21,47.5702,-59.1367,43.61,77,100,31.63
227,Panzhihua,CN,2021-11-15 03:15:21,26.5851,101.7128,67.6,69,7,1.39
228,Coahuayana,MX,2021-11-15 03:15:22,18.7333,-103.6833,83.68,78,62,3.83
229,Saint Anthony,US,2021-11-15 03:15:22,45.0205,-93.218,31.93,71,90,4.61
230,Isangel,VU,2021-11-15 03:16:23,-19.55,169.2667,86.11,70,40,4.61
231,Yoichi,JP,2021-11-15 03:16:24,43.2039,140.7703,53.22,58,98,18.81
232,Tigil,RU,2021-11-15 03:16:25,57.8,158.6667,25.43,91,36,4.63
233,Ishigaki,JP,2021-11-15 03:16:25,24.3448,124.1572,75.33,64,75,17.27
234,Taoudenni,ML,2021-11-15 03:16:26,22.6783,-3.9836,73.83,31,4,7.47
235,Half Moon Bay,US,2021-11-15 03:16:15,37.4636,-122.4286,65.25,81,1,0.0
236,Luganville,VU,2021-11-15 03:16:26,-15.5333,167.1667,84.22,72,38,10.38
237,Port Lincoln,AU,2021-11-15 03:16:27,-34.7333,135.8667,58.23,57,98,15.55
238,Korhogo,CI,2021-11-15 03:16:27,9.45,-5.6333,72.82,47,74,3.11
239,Zasheyek,RU,2021-11-15 03:16:28,67.4066,32.5499,18.01,92,100,4.99
240,Hambantota,LK,2021-11-15 03:16:28,6.1241,81.1185,82.9,73,22,16.91
241,Faya,SA,2021-11-15 03:16:29,18.3851,42.4509,53.71,72,1,0.92
242,Husavik,IS,2021-11-15 03:16:29,66.0449,-17.3389,37.31,73,39,19.48
243,Codrington,AU,2021-11-15 03:16:30,-38.2667,141.9667,53.98,51,93,18.32
244,Olafsvik,IS,2021-11-15 03:16:30,64.8945,-23.7142,38.41,73,100,36.19
245,Vilhena,BR,2021-11-15 03:16:31,-12.7406,-60.1458,69.62,99,99,3.2
246,Changping,CN,2021-11-15 03:16:31,40.2186,116.2197,47.84,37,15,3.13
247,Mayumba,GA,2021-11-15 03:16:32,-3.432,10.6554,76.5,89,100,1.68
248,Belmonte,BR,2021-11-15 03:16:32,-15.8631,-38.8828,70.3,88,100,13.27
249,Kaitangata,NZ,2021-11-15 03:16:33,-46.2817,169.8464,57.92,72,87,12.01
250,Coihaique,CL,2021-11-15 03:16:34,-45.5752,-72.0662,35.55,93,0,3.44
251,Kuusamo,FI,2021-11-15 03:16:34,65.9667,29.1833,12.24,92,0,3.44
252,College,US,2021-11-15 03:14:07,64.8569,-147.8028,-4.72,78,75,4.61
253,Vao,NC,2021-11-15 03:16:35,-22.6667,167.4833,76.86,76,73,10.02
254,Buala,SB,2021-11-15 03:16:35,-8.145,159.5921,85.17,70,57,5.66
255,Thessalon,CA,2021-11-15 03:16:36,46.2501,-83.5666,34.29,69,99,9.64
256,Mayor Pablo Lagerenza,PY,2021-11-15 03:16:37,-19.9309,-60.7718,73.87,94,98,6.62
257,Krutinka,RU,2021-11-15 03:16:37,56.0055,71.5113,16.95,91,100,13.67
258,De Aar,ZA,2021-11-15 03:16:38,-30.6497,24.0123,67.64,30,72,5.1
259,Constantine,DZ,2021-11-15 03:16:38,36.365,6.6147,47.61,93,40,5.75
260,Belfast,GB,2021-11-15 03:16:38,54.5833,-5.9333,52.38,94,90,4.61
261,Athabasca,CA,2021-11-15 03:16:15,54.7169,-113.2854,33.62,97,95,4.18
262,Suntar,RU,2021-11-15 03:16:39,62.1444,117.6319,6.57,91,56,3.29
263,Mar Del Plata,AR,2021-11-15 03:14:03,-38.0023,-57.5575,62.87,83,0,17.0
264,Banda Aceh,ID,2021-11-15 03:16:40,5.5577,95.3222,83.44,69,73,10.11
265,Piney Green,US,2021-11-15 03:16:17,34.716,-77.3202,59.9,94,1,5.75
266,Peterhead,GB,2021-11-15 03:16:41,57.5058,-1.7981,50.45,91,100,15.17
267,Lerwick,GB,2021-11-15 03:16:41,60.1545,-1.1494,50.0,93,100,16.64
268,Petropavlovsk-Kamchatskiy,RU,2021-11-15 03:16:42,53.0452,158.6483,30.79,100,90,6.71
269,Mawlaik,MM,2021-11-15 03:16:42,23.6333,94.4167,68.18,98,98,1.34
270,Kamphaeng Phet,TH,2021-11-15 03:16:43,16.25,99.5,79.07,75,28,2.48
271,Watsa,CD,2021-11-15 03:16:43,3.0372,29.5355,64.11,97,94,0.6
272,Te Anau,NZ,2021-11-15 03:16:44,-45.4167,167.7167,51.1,87,100,6.58
273,Rundu,NA,2021-11-15 03:16:44,-17.9333,19.7667,72.54,59,100,3.06
274,Meulaboh,ID,2021-11-15 03:16:45,4.1363,96.1285,82.44,72,88,3.56
275,Katsuura,JP,2021-11-15 03:17:46,35.1333,140.3,66.24,62,22,9.66
276,Maragogi,BR,2021-11-15 03:17:46,-9.0122,-35.2225,78.04,82,21,9.57
277,Khash,IR,2021-11-15 03:17:46,28.2211,61.2158,45.55,46,0,5.32
278,Yerbogachen,RU,2021-11-15 03:17:47,61.2767,108.0108,17.29,95,100,4.23
279,Portland,US,2021-11-15 03:13:55,45.5234,-122.6762,62.91,86,90,3.0
280,Tutoia,BR,2021-11-15 03:17:48,-2.7619,-42.2744,78.19,86,81,8.14
281,Pisco,PE,2021-11-15 03:14:46,-13.7,-76.2167,64.45,77,0,11.5
282,La Palma,US,2021-11-15 03:17:48,33.8464,-118.0467,81.34,43,1,0.0
283,Goma,CD,2021-11-15 03:17:49,-1.6792,29.2228,61.39,81,100,2.13
284,Vila Velha,BR,2021-11-15 03:17:50,-20.3297,-40.2925,64.35,88,40,2.3
285,Airai,TL,2021-11-15 03:17:50,-8.9266,125.4092,63.1,90,100,1.92
286,Methoni,GR,2021-11-15 03:17:51,36.8197,21.7049,63.21,78,71,12.59
287,Bobrovka,RU,2021-11-15 03:17:51,54.047,61.7455,8.94,93,8,4.54
288,Villa Carlos Paz,AR,2021-11-15 03:17:51,-31.4241,-64.4978,62.06,63,0,4.0
289,Ulaangom,MN,2021-11-15 03:17:52,49.9811,92.0667,22.14,84,100,2.62
290,Batagay,RU,2021-11-15 03:17:52,67.6333,134.6333,-16.46,96,100,0.43
291,Narasannapeta,IN,2021-11-15 03:17:53,18.4167,84.05,80.15,82,35,5.37
292,Nyrob,RU,2021-11-15 03:17:53,60.733,56.7202,16.72,96,100,4.88
293,Ende,ID,2021-11-15 03:17:54,-8.8432,121.6623,83.8,77,99,2.44
294,Batsfjord,NO,2021-11-15 03:17:54,70.6345,29.7185,25.45,72,100,18.97
295,Erenhot,CN,2021-11-15 03:17:55,43.6475,111.9767,25.88,72,5,4.07
296,Harer,ET,2021-11-15 03:17:56,9.3094,42.1258,53.47,58,3,2.46
297,Tomatlan,MX,2021-11-15 03:17:56,19.9333,-105.25,72.43,85,5,3.22
298,Wajima,JP,2021-11-15 03:17:57,37.4,136.9,63.28,63,20,10.36
299,Waingapu,ID,2021-11-15 03:17:57,-9.6567,120.2641,85.53,68,94,6.91
300,Coffs Harbour,AU,2021-11-15 03:17:58,-30.3,153.1333,75.16,50,0,11.5
301,Touros,BR,2021-11-15 03:17:59,-5.1989,-35.4608,79.7,79,20,13.15
302,Lesnoy,RU,2021-11-15 03:17:59,57.6198,63.0784,8.29,97,42,3.47
303,Bathsheba,BB,2021-11-15 03:18:00,13.2167,-59.5167,81.21,74,40,19.57
304,Eresos,GR,2021-11-15 03:18:00,39.1667,25.9333,58.59,78,95,7.05
305,Bowen,AU,2021-11-15 03:18:00,-20.0167,148.2333,82.24,57,0,11.32
306,Luanda,AO,2021-11-15 03:18:01,-8.8368,13.2343,75.2,94,75,5.75
307,Zhezkazgan,KZ,2021-11-15 03:18:02,47.8043,67.7144,22.39,91,41,12.8
308,Parfenyevo,RU,2021-11-15 03:18:02,58.484,43.4088,26.94,78,97,13.27
309,Longyearbyen,SJ,2021-11-15 03:18:03,78.2186,15.6401,17.44,53,20,16.11
310,Emba,KZ,2021-11-15 03:18:03,48.8264,58.1442,24.96,84,100,2.62
311,Chokurdakh,RU,2021-11-15 03:18:04,70.6333,147.9167,1.4,98,100,1.14
312,Kerman,IR,2021-11-15 03:18:04,30.2832,57.0788,31.86,80,0,6.91
313,Ahipara,NZ,2021-11-15 03:18:05,-35.1667,173.1667,67.5,75,0,13.18
314,Cayenne,GF,2021-11-15 03:18:05,4.9333,-52.3333,80.1,84,0,1.99
315,Sao Joao Da Barra,BR,2021-11-15 03:18:06,-21.6403,-41.0511,69.48,67,59,8.01
316,Harper,LR,2021-11-15 03:18:06,4.375,-7.7169,77.79,87,41,5.88
317,Acapulco,MX,2021-11-15 03:16:48,16.8634,-99.8901,78.62,83,1,4.61
318,Tura,IN,2021-11-15 03:18:07,25.5198,90.2201,71.06,61,0,1.25
319,Pandan,PH,2021-11-15 03:18:08,14.0453,124.1694,83.26,81,62,11.9
320,Yinchuan,CN,2021-11-15 03:18:08,38.4681,106.2731,41.77,24,0,2.59
321,Dhenkanal,IN,2021-11-15 03:19:08,20.6667,85.6,79.66,84,100,3.83
322,Namibe,AO,2021-11-15 03:19:09,-15.1961,12.1522,71.8,83,100,4.94
323,Pevek,RU,2021-11-15 03:19:10,69.7008,170.3133,19.8,90,100,3.51
324,Chicama,PE,2021-11-15 03:19:10,-7.8447,-79.1469,61.34,83,46,6.44
325,Wanaka,NZ,2021-11-15 03:19:11,-44.7,169.15,59.43,51,85,12.75
326,Yatou,CN,2021-11-15 03:19:11,37.15,122.3833,55.08,57,95,6.31
327,East London,ZA,2021-11-15 03:16:40,-33.0153,27.9116,63.54,88,0,5.75
328,Novoagansk,RU,2021-11-15 03:19:12,61.9449,76.6625,-4.25,94,94,4.34
329,Wardha,IN,2021-11-15 03:19:12,20.75,78.6167,75.52,61,99,7.54
330,Shebunino,RU,2021-11-15 03:19:13,46.4339,141.8603,41.05,60,62,16.98
331,Beringovskiy,RU,2021-11-15 03:19:13,63.05,179.3167,29.77,91,100,19.28
332,Cotonou,BJ,2021-11-15 03:19:14,6.3654,2.4183,82.38,83,40,6.91
333,Huinan,CN,2021-11-15 03:19:14,42.6225,126.2614,35.56,66,6,2.75
334,Grand-Lahou,CI,2021-11-15 03:19:15,5.1367,-5.0242,77.74,87,73,4.12
335,Delta Del Tigre,UY,2021-11-15 03:19:15,-34.7633,-56.3853,60.91,63,0,7.65
336,Mounana,GA,2021-11-15 03:19:16,-1.4085,13.1586,68.38,97,65,1.05
337,Zhangye,CN,2021-11-15 03:19:16,38.9342,100.4517,44.06,17,0,6.67
338,Cooma,AU,2021-11-15 03:19:17,-36.2333,149.1333,51.57,46,90,18.41
339,Howard Springs,AU,2021-11-15 03:19:17,-12.497,131.047,92.82,53,94,8.46
340,Porto Novo,BJ,2021-11-15 03:19:18,6.4965,2.6036,82.22,84,100,5.64
341,Kitami,JP,2021-11-15 03:19:18,43.8031,143.8908,45.12,63,92,12.59
342,Meiganga,CM,2021-11-15 03:19:19,6.5167,14.3,69.8,81,99,2.08
343,Berdigestyakh,RU,2021-11-15 03:19:19,62.0989,126.6992,-3.6,93,64,3.15
344,Avera,US,2021-11-15 03:19:20,33.194,-82.5271,51.71,53,0,10.11
345,Goulburn,AU,2021-11-15 03:19:21,-34.75,149.7167,55.58,71,92,23.38
346,Talnakh,RU,2021-11-15 03:19:22,69.4865,88.3972,-6.34,96,100,8.72
347,Mount Hagen,PG,2021-11-15 03:19:22,-5.8581,144.2274,68.7,86,92,3.27
348,Lisakovsk,KZ,2021-11-15 03:19:23,52.5369,62.4936,11.23,94,76,7.05
349,Maniitsoq,GL,2021-11-15 03:19:23,65.4167,-52.9,10.83,79,90,6.4
350,Port Elizabeth,ZA,2021-11-15 03:19:24,-33.918,25.5701,59.29,94,0,3.44
351,Port Hedland,AU,2021-11-15 03:19:25,-20.3167,118.5667,95.05,18,52,19.57
352,Kutum,SD,2021-11-15 03:19:25,14.2,24.6667,62.94,25,0,3.87
353,Sterling,US,2021-11-15 03:19:17,39.0062,-77.4286,47.17,66,90,8.01
354,Cleveland,US,2021-11-15 03:18:11,41.4995,-81.6954,36.95,92,90,1.01
355,Mopipi,BW,2021-11-15 03:19:27,-21.1833,24.8833,81.52,28,30,14.94
356,Ust-Nera,RU,2021-11-15 03:19:27,64.5667,143.2,12.94,95,100,3.65
357,Clyde River,CA,2021-11-15 03:19:30,70.4692,-68.5914,5.29,68,27,8.01
358,Owando,CG,2021-11-15 03:19:31,-0.4819,15.8999,69.71,94,66,2.35
359,Lata,PT,2021-11-15 03:19:32,40.1629,-8.3327,46.26,59,0,3.44
360,Popondetta,PG,2021-11-15 03:19:32,-8.7537,148.2534,89.22,58,100,6.22
361,Asau,RO,2021-11-15 03:19:33,46.4333,26.4,41.76,73,88,2.3
362,Tucuman,AR,2021-11-15 03:17:19,-26.8241,-65.2226,68.0,77,0,9.22
363,Praya,CV,2021-11-15 03:19:35,14.9215,-23.5087,75.74,78,20,10.36
364,Honiara,SB,2021-11-15 03:19:36,-9.4333,159.95,85.66,71,99,3.56
365,Lima,PE,2021-11-15 03:16:00,-12.0432,-77.0282,62.91,79,20,8.05
366,Igrim,RU,2021-11-15 03:19:37,63.1906,64.4162,17.24,85,93,8.52
367,Bulgan,MN,2021-11-15 03:19:37,48.8125,103.5347,29.75,40,50,3.27
368,Bainbridge,US,2021-11-15 03:20:38,47.6262,-122.5212,64.27,89,90,5.01
369,Calcinato,IT,2021-11-15 03:20:38,45.4572,10.4136,53.55,90,90,9.22
370,Altay,CN,2021-11-15 03:20:39,47.8667,88.1167,34.9,92,100,3.83
371,Olinda,BR,2021-11-15 03:20:39,-8.0089,-34.8553,82.13,74,40,5.75
372,Mpika,ZM,2021-11-15 03:20:40,-11.8343,31.4529,61.83,72,11,4.21
373,State College,US,2021-11-15 03:20:40,40.7934,-77.86,36.81,94,90,5.01
374,Keuruu,FI,2021-11-15 03:20:41,62.2667,24.7,24.98,86,99,4.41
375,Nieuw Amsterdam,SR,2021-11-15 03:20:41,5.8833,-55.0833,78.03,89,98,7.83
376,Manaus,BR,2021-11-15 03:20:42,-3.1019,-60.025,79.29,83,0,3.44
377,Grand Gaube,MU,2021-11-15 03:20:42,-20.0064,57.6608,80.38,66,79,10.0
378,Guerrero Negro,MX,2021-11-15 03:20:43,27.9769,-114.0611,70.66,50,0,8.88
379,Payo,ID,2021-11-15 03:20:43,-3.7508,103.6372,84.49,68,96,0.4
380,Acarau,BR,2021-11-15 03:20:44,-2.8856,-40.12,78.96,84,60,11.05
381,Nioro,GM,2021-11-15 03:20:44,13.35,-15.75,75.27,57,53,5.77
382,Hofn,IS,2021-11-15 03:20:45,64.2539,-15.2082,41.54,80,17,37.49
383,Matara,LK,2021-11-15 03:20:45,5.9485,80.5353,82.06,79,36,12.44
384,Haines Junction,CA,2021-11-15 03:20:46,60.7522,-137.5108,-5.85,84,61,1.14
385,Mana,GF,2021-11-15 03:20:46,5.6592,-53.7767,77.9,85,100,7.96
386,Nago,JP,2021-11-15 03:20:47,26.5881,127.9761,76.05,52,64,13.38
387,Tilichiki,RU,2021-11-15 03:20:47,60.4667,166.1,26.92,96,100,8.05
388,Kogon,UZ,2021-11-15 03:20:48,39.7228,64.5517,32.04,86,0,0.0
389,San Jose,US,2021-11-15 03:16:14,37.3394,-121.895,65.57,76,75,4.61
390,Walvis Bay,NA,2021-11-15 03:20:49,-22.9575,14.5053,60.1,94,67,5.75
391,Verkhoyansk,RU,2021-11-15 03:20:49,67.5447,133.385,-14.49,93,100,1.59
392,Port Hardy,CA,2021-11-15 03:20:50,50.6996,-127.4199,46.4,93,90,2.3
393,Dingle,PH,2021-11-15 03:20:51,10.9995,122.6711,82.99,80,100,10.0
394,Mecca,SA,2021-11-15 03:19:37,21.4267,39.8261,75.76,73,0,2.51
395,Palencia,ES,2021-11-15 03:20:51,42.4167,-4.5,36.79,91,6,5.73
396,Karoi,ZW,2021-11-15 03:20:52,-16.8099,29.6925,64.15,89,53,5.35
397,Pangnirtung,CA,2021-11-15 03:20:52,66.1451,-65.7125,-1.89,73,1,6.35
398,Ambulu,ID,2021-11-15 03:20:53,-8.345,113.6058,81.23,81,100,2.73
399,Aden,YE,2021-11-15 03:20:37,12.7794,45.0367,80.4,64,11,12.77
400,Vestmannaeyjar,IS,2021-11-15 03:20:53,63.4427,-20.2734,42.66,66,96,31.9
401,Saldanha,ZA,2021-11-15 03:20:54,-33.0117,17.9442,63.12,83,100,15.14
402,Provideniya,RU,2021-11-15 03:20:54,64.3833,-173.3,24.91,80,75,13.42
403,Severobaykalsk,RU,2021-11-15 03:20:55,55.65,109.3167,24.98,88,100,0.27
404,Cowra,AU,2021-11-15 03:20:55,-33.8333,148.6833,57.27,59,100,15.99
405,Lagoa,PT,2021-11-15 03:20:56,39.05,-27.9833,66.78,86,71,21.14
406,Angouleme,FR,2021-11-15 03:20:57,45.65,0.15,49.15,91,90,9.22
407,Tiznit,MA,2021-11-15 03:20:57,29.5833,-9.5,53.06,73,0,1.43
408,Jinka,ET,2021-11-15 03:20:58,5.65,36.65,62.33,79,77,4.0
409,Kitimat,CA,2021-11-15 03:20:58,54.0524,-128.6534,38.91,29,100,5.01
410,Matamoros,MX,2021-11-15 03:20:59,25.5333,-103.25,69.91,39,1,0.0
411,Majene,ID,2021-11-15 03:20:59,-3.5403,118.9707,85.15,69,100,3.78
412,Novikovo,RU,2021-11-15 03:21:00,51.1537,37.8879,29.35,92,18,6.71
413,Ovre Ardal,NO,2021-11-15 03:22:00,61.3167,7.8,24.66,82,100,3.67
414,Katobu,ID,2021-11-15 03:22:01,-4.9408,122.5276,85.14,69,100,4.45
415,Gaya,IN,2021-11-15 03:22:01,24.7833,85.0,64.31,100,75,3.44
416,Diego De Almagro,CL,2021-11-15 03:22:02,-26.3667,-70.05,60.08,49,0,1.1
417,Cap Malheureux,MU,2021-11-15 03:22:02,-19.9842,57.6142,80.47,66,81,10.0
418,Biu,NG,2021-11-15 03:22:03,10.6129,12.1946,71.65,23,65,4.72
419,Colares,PT,2021-11-15 03:22:03,38.7992,-9.4469,58.33,61,1,5.99
420,Alofi,NU,2021-11-15 03:22:04,-19.0595,-169.9187,80.49,54,40,11.5
421,Black Forest,US,2021-11-15 03:21:10,39.0131,-104.7008,53.6,39,1,1.99
422,Malaya Vishera,RU,2021-11-15 03:22:04,58.8454,32.2222,30.04,76,56,6.06
423,Shimoda,JP,2021-11-15 03:22:05,34.6667,138.95,65.1,56,0,1.03
424,Sorong,ID,2021-11-15 03:22:06,-0.8833,131.25,81.39,80,100,12.01
425,Aykhal,RU,2021-11-15 03:22:06,66.0,111.5,-11.97,100,100,6.64
426,Noumea,NC,2021-11-15 03:18:25,-22.2763,166.4572,93.18,99,25,11.68
427,Lianzhou,CN,2021-11-15 03:22:07,24.7811,112.3825,62.96,73,99,0.74
428,Puerto Carreno,CO,2021-11-15 03:22:07,6.189,-67.4859,79.02,70,41,7.67
429,Abonnema,NG,2021-11-15 03:22:08,4.7084,6.7931,76.12,89,84,4.18
430,Geraldton,AU,2021-11-15 03:19:18,-28.7667,114.6,73.81,60,40,10.36
431,Diveyevo,RU,2021-11-15 03:22:09,55.0433,43.2418,29.23,93,95,11.9
432,Miguel Calmon,BR,2021-11-15 03:22:09,-11.4289,-40.595,68.14,89,96,5.1
433,Dukat,RU,2021-11-15 03:22:09,62.55,155.55,16.81,95,100,3.49
434,Cehegin,ES,2021-11-15 03:22:10,38.0924,-1.7985,54.28,63,0,9.93
435,Ketchikan,US,2021-11-15 03:22:10,55.3422,-131.6461,39.11,89,88,6.8
436,Launceston,AU,2021-11-15 03:18:06,-41.45,147.1667,56.61,45,75,11.01
437,Road Town,VG,2021-11-15 03:20:21,18.4167,-64.6167,80.01,74,8,20.67
438,Wick,GB,2021-11-15 03:22:11,58.4333,-3.0833,50.67,93,40,2.3
439,The Valley,AI,2021-11-15 03:21:56,18.217,-63.0578,82.26,73,43,21.92
440,Tuy Hoa,VN,2021-11-15 03:22:12,13.0833,109.3,76.33,95,100,8.25
441,Seymchan,RU,2021-11-15 03:22:12,62.8833,152.4333,9.61,93,100,5.14
442,Bondo,CD,2021-11-15 03:22:13,3.8146,23.6866,68.47,99,82,1.88
443,Gigmoto,PH,2021-11-15 03:22:13,13.7796,124.39,82.56,82,72,10.11
444,Seoul,KR,2021-11-15 03:18:23,37.5683,126.9778,59.41,47,0,2.3
445,Nouakchott,MR,2021-11-15 03:22:14,18.0858,-15.9785,73.33,65,89,10.22
446,La Ronge,CA,2021-11-15 03:22:15,55.1001,-105.2842,32.22,93,90,2.3
447,Weligama,LK,2021-11-15 03:22:15,5.9667,80.4167,81.81,79,36,12.68
448,San Patricio,US,2021-11-15 03:22:16,28.017,-97.5169,73.26,71,0,9.17
449,Thinadhoo,MV,2021-11-15 03:22:16,0.5333,72.9333,82.35,74,98,13.82
450,Nuuk,GL,2021-11-15 03:22:17,64.1835,-51.7216,14.61,73,90,11.5
451,Thunder Bay,CA,2021-11-15 03:22:17,48.4001,-89.3168,31.28,77,90,6.91
452,Kralendijk,BQ,2021-11-15 03:22:18,12.15,-68.2667,82.38,78,23,13.8
453,Tevaitoa,PF,2021-11-15 03:22:18,-16.7833,-151.5,77.92,78,100,6.91
454,Bratsk,RU,2021-11-15 03:22:19,56.1325,101.6142,27.09,78,100,6.71
455,Pauini,BR,2021-11-15 03:22:20,-7.7136,-66.9764,75.11,90,100,2.42
456,Narsaq,GL,2021-11-15 03:22:20,60.9167,-46.05,8.82,72,2,5.82
457,Adeje,ES,2021-11-15 03:22:21,28.1227,-16.726,65.95,67,20,9.22
458,Sept-Iles,CA,2021-11-15 03:22:21,50.2001,-66.3821,35.06,97,90,5.99
459,Nassau,US,2021-11-15 03:18:30,40.7507,-73.5829,46.9,70,90,1.99
460,Pionerskiy,RU,2021-11-15 03:22:22,54.9508,20.2275,35.74,86,2,14.36
461,Ixcatepec,MX,2021-11-15 03:22:22,21.2,-97.95,64.58,93,0,4.7
462,Honningsvag,NO,2021-11-15 03:23:22,70.9821,25.9704,30.47,75,100,32.64
463,Gannan,CN,2021-11-15 03:23:23,47.9147,123.5031,32.36,58,67,7.14
464,Raudeberg,NO,2021-11-15 03:23:23,61.9875,5.1352,47.95,82,100,14.0
465,Rodrigues Alves,BR,2021-11-15 03:23:24,-7.738,-72.6509,74.95,85,100,2.51
466,Evensk,RU,2021-11-15 03:23:25,61.95,159.2333,28.36,94,100,12.64
467,Bukachacha,RU,2021-11-15 03:23:25,52.9833,116.9167,22.8,54,71,1.88
468,Teguldet,RU,2021-11-15 03:23:25,57.3064,88.1667,26.47,94,100,8.41
469,Uenohara,JP,2021-11-15 03:23:26,35.6167,139.1167,68.25,43,0,4.0
470,Arman,RU,2021-11-15 03:23:27,59.7,150.1667,32.02,91,100,2.37
471,Kafue,ZM,2021-11-15 03:23:27,-15.7691,28.1814,67.15,69,16,3.67
472,Spearfish,US,2021-11-15 03:23:27,44.4908,-103.8594,63.48,34,1,17.27
473,Magistralnyy,RU,2021-11-15 03:23:28,56.1725,107.4458,26.42,91,100,6.06
474,Viedma,AR,2021-11-15 03:23:28,-40.8135,-62.9967,62.67,33,13,16.4
475,Kichmengskiy Gorodok,RU,2021-11-15 03:23:29,59.9816,45.7854,20.37,97,89,6.17
476,Saint-Georges,GD,2021-11-15 03:23:30,12.0564,-61.7485,82.08,78,20,20.71
477,Benjamin Constant,BR,2021-11-15 03:23:30,-4.3831,-70.0311,78.93,96,100,1.03
478,Klaksvik,FO,2021-11-15 03:23:31,62.2266,-6.589,43.72,74,49,23.42
479,Fort Nelson,CA,2021-11-15 03:19:56,58.8053,-122.7002,11.79,92,90,0.0
480,Negombo,LK,2021-11-15 03:21:39,7.2083,79.8358,80.98,84,58,13.09
481,Sabha,LY,2021-11-15 03:23:32,27.0377,14.4283,64.24,47,97,8.28
482,Ojinaga,MX,2021-11-15 03:23:32,29.5667,-104.4167,69.42,25,1,6.91
483,Saint-Ambroise,CA,2021-11-15 03:23:33,48.5501,-71.3324,32.58,84,100,2.33
484,Yumen,CN,2021-11-15 03:23:33,40.2833,97.2,39.9,22,0,5.1
485,Kuryk,KZ,2021-11-15 03:23:34,43.2,51.65,39.88,72,48,10.69
486,Catuday,PH,2021-11-15 03:23:34,16.2923,119.8062,83.35,70,86,8.63
487,Trairi,BR,2021-11-15 03:18:49,-3.2778,-39.2689,79.3,84,25,9.73
488,Braganca,BR,2021-11-15 03:23:35,-1.0536,-46.7656,73.76,97,95,1.36
489,Tual,ID,2021-11-15 03:23:36,-5.6667,132.75,81.12,79,100,5.21
490,Malindi,KE,2021-11-15 03:20:31,-3.2175,40.1191,77.97,83,100,8.37
491,Sabang,ID,2021-11-15 03:23:36,5.8933,95.3214,81.91,73,70,15.01
492,Talara,PE,2021-11-15 03:23:38,-4.5772,-81.2719,62.53,90,75,13.69
493,Lahad Datu,MY,2021-11-15 03:23:38,5.0268,118.327,81.82,78,100,6.22
494,Biskamzha,RU,2021-11-15 03:23:38,53.4497,89.5272,30.16,93,100,8.75
495,Yarada,IN,2021-11-15 03:23:39,17.65,83.2667,84.52,79,40,2.3
496,Statesville,US,2021-11-15 03:21:36,35.7826,-80.8873,50.34,70,1,4.61
497,Krasnoselkup,RU,2021-11-15 03:23:40,65.7,82.4667,-9.36,100,87,8.77
498,Shakiso,ET,2021-11-15 03:23:40,5.75,38.9167,53.49,97,37,2.95
499,Praia,CV,2021-11-15 03:23:41,14.9215,-23.5087,75.74,78,20,10.36
500,Skjervoy,NO,2021-11-15 03:23:41,70.0311,20.9714,32.02,84,100,17.58
501,Sao Miguel,BR,2021-11-15 03:23:42,-5.4667,-35.3667,80.92,81,29,13.02
502,Belyy Yar,RU,2021-11-15 03:23:42,53.6039,91.3903,34.86,82,0,8.95
503,Shumskiy,RU,2021-11-15 03:23:43,54.8318,99.1328,31.57,73,100,2.89
504,Sunland Park,US,2021-11-15 03:23:43,31.7965,-106.58,66.31,21,1,3.0
505,Hamilton,US,2021-11-15 03:23:21,39.1834,-84.5333,37.09,78,90,3.0
506,Nurota,UZ,2021-11-15 03:24:44,40.5614,65.6886,26.69,79,6,3.18
507,Chifeng,CN,2021-11-15 03:24:45,42.2683,118.9636,33.78,51,9,1.5
508,Auki,SB,2021-11-15 03:24:45,-8.7676,160.7034,85.91,65,96,3.65
509,Araripina,BR,2021-11-15 03:24:46,-7.5761,-40.4983,75.31,56,32,3.44
510,Nuqui,CO,2021-11-15 03:24:46,5.7125,-77.2708,76.55,89,92,2.77
511,Bogale,MM,2021-11-15 03:24:47,16.2833,95.4,82.72,73,25,5.21
512,Atlantic City,US,2021-11-15 03:22:09,39.3643,-74.4229,49.98,68,90,10.36
513,Riviere-Au-Renard,CA,2021-11-15 03:24:47,48.9957,-64.3971,39.2,85,91,0.58
514,Atchison,US,2021-11-15 03:24:48,39.563,-95.1216,49.01,79,97,6.98
515,Kannur,IN,2021-11-15 03:24:48,11.8675,75.3576,75.79,93,100,4.25
516,Gizo,SB,2021-11-15 03:24:49,-8.103,156.8419,85.6,67,81,5.82
517,Kindersley,CA,2021-11-15 03:19:59,51.4668,-109.1682,35.38,93,90,9.22
518,Visnes,NO,2021-11-15 03:24:49,59.3556,5.2242,48.22,81,75,18.41
519,Maua,BR,2021-11-15 03:24:50,-23.6678,-46.4614,64.36,83,58,3.89
520,Machali,CL,2021-11-15 03:24:50,-34.1833,-70.6667,56.43,41,93,0.92
521,Ixtapa,MX,2021-11-15 03:24:51,20.7,-105.2,78.03,69,1,3.44
522,Iquitos,PE,2021-11-15 03:24:51,-3.7481,-73.2472,75.24,94,75,2.3
523,Ambilobe,MG,2021-11-15 03:24:52,-13.2,49.05,75.0,70,1,2.75
524,Pullman,US,2021-11-15 03:24:40,46.7313,-117.1796,55.85,74,1,3.0
525,Megion,RU,2021-11-15 03:20:21,61.0296,76.1136,-9.38,93,96,3.53
526,Ubinskoye,RU,2021-11-15 03:24:53,55.3068,79.6802,23.32,97,96,4.81
527,Buckeye,US,2021-11-15 03:24:53,33.3703,-112.5838,76.53,28,1,10.36
528,Uusikaupunki,FI,2021-11-15 03:24:54,60.8004,21.4084,23.52,79,94,10.07
529,Aquiraz,BR,2021-11-15 03:24:54,-3.9014,-38.3911,81.18,80,14,10.89
530,Henties Bay,NA,2021-11-15 03:24:54,-22.116,14.2845,59.86,87,95,6.04
531,Leninskiy,RU,2021-11-15 03:24:55,54.2781,37.4558,30.56,82,44,12.26
532,Kungurtug,RU,2021-11-15 03:24:55,50.5994,97.5228,24.96,65,96,2.1
533,Amboasary,MG,2021-11-15 03:24:56,-25.0333,46.3833,76.84,80,71,4.29
534,Sola,VU,2021-11-15 03:24:56,-13.8833,167.55,86.67,74,75,0.0
535,Fortuna,US,2021-11-15 03:24:57,40.5982,-124.1573,56.43,75,90,5.01
536,Benghazi,LY,2021-11-15 03:24:57,32.1167,20.0667,68.47,56,48,25.57
537,Santa Quiteria Do Maranhao,BR,2021-11-15 03:24:58,-3.5156,-42.5467,74.75,94,77,2.86
538,Morant Bay,JM,2021-11-15 03:24:58,17.8815,-76.4093,82.02,82,100,6.29
539,Laje,BR,2021-11-15 03:24:59,-10.1833,-40.9667,70.14,83,88,9.28
540,Gayny,RU,2021-11-15 03:24:59,60.3071,54.3241,19.76,94,100,6.6
541,Karratha,AU,2021-11-15 03:25:01,-20.7377,116.8463,92.55,19,50,8.63
542,Waitara,NZ,2021-11-15 03:25:01,-38.925,174.25,66.72,86,7,16.06
543,Muyezerskiy,RU,2021-11-15 03:25:02,63.9333,31.65,19.29,88,86,2.1
544,Parkersburg,US,2021-11-15 03:22:29,39.2667,-81.5615,37.53,82,90,7.0
545,Leua,SK,2021-11-15 03:25:02,48.2156,18.6071,44.49,86,88,2.68
546,Raul Soares,BR,2021-11-15 03:25:03,-20.1022,-42.4519,63.93,94,75,0.96
547,Kashi,CN,2021-11-15 03:25:03,39.4547,75.9797,41.25,51,40,6.71
548,Amga,RU,2021-11-15 03:25:04,60.8953,131.9608,-4.95,93,73,1.74
549,Tatawin,TN,2021-11-15 03:25:05,32.9297,10.4518,58.08,34,0,10.16
550,Carballo,ES,2021-11-15 03:25:05,43.213,-8.691,54.01,89,25,6.08
551,Aksarka,RU,2021-11-15 03:25:06,66.5606,67.7975,1.89,98,75,6.49
552,Ajdabiya,LY,2021-11-15 03:21:23,30.7554,20.2263,66.18,53,98,17.58
553,Bend,US,2021-11-15 03:22:05,44.0582,-121.3153,56.48,46,1,3.0
554,Mandalgovi,MN,2021-11-15 03:26:06,45.7625,106.2708,28.31,40,0,5.55
555,Rocha,UY,2021-11-15 03:26:07,-34.4833,-54.3333,54.16,84,0,2.08
556,Ust-Tsilma,RU,2021-11-15 03:26:07,65.441,52.1498,22.39,87,97,9.69
557,Mehamn,NO,2021-11-15 03:26:08,71.0357,27.8492,24.1,76,100,12.57
558,Takoradi,GH,2021-11-15 03:26:10,4.8845,-1.7554,78.73,86,44,6.17
559,Takaka,NZ,2021-11-15 03:26:10,-40.85,172.8,60.57,63,10,13.29
560,Filadelfia,US,2021-11-15 03:26:10,39.9523,-75.1638,44.49,83,90,1.99
561,Saint-Pierre,RE,2021-11-15 03:26:11,-21.3393,55.4781,80.56,57,0,4.61
562,Kendari,ID,2021-11-15 03:26:12,-3.945,122.4989,86.02,64,100,3.02
563,Saint-Denis,FR,2021-11-15 03:26:13,48.9167,2.3333,45.25,95,75,5.75
564,Cartagena,CO,2021-11-15 03:26:13,10.3997,-75.5144,80.22,89,0,4.61
565,Altamira,BR,2021-11-15 03:26:14,-3.2033,-52.2064,75.04,93,99,1.9
566,Igboho,NG,2021-11-15 03:26:14,8.8333,3.75,74.12,79,100,5.06
567,Kulaman,PH,2021-11-15 03:26:15,6.4594,124.0892,82.98,78,100,3.4
568,Mareeba,AU,2021-11-15 03:26:15,-17.0,145.4333,88.32,67,100,8.63
569,Sakakah,SA,2021-11-15 03:26:15,29.9697,40.2064,63.97,34,74,11.52
